year,가톨릭,합격인원,건국대,합격인원,경희대,합격인원,고려대,합격인원,광운대,합격인원,단국대,합격인원,덕성여대,합격인원,동국대,합격인원,동덕여대,합격인원,서강대,합격인원,서울과기대,합격인원,서울시립대,합격인원,성균관대,합격인원,성신여대,합격인원,세종대,합격인원,숙명여대,합격인원,숭실대,합격인원,아주대,합격인원,연세대,합격인원,이화여대,합격인원,인하대,합격인원,중앙대,합격인원,중앙대(다빈치),합격인원,한양대,합격인원,항공대,합격인원,홍익대,합격인원,,학교명,논술유형,수능최저
2025,88,2,99,1,94,2,94,2,76,3,74,4,74,4,94,2,94,2,99,1,88,2,94,2,98,1,88,2,88,2,88,2,96,1,65,4,96,1,84,3,69,4,98,1,74,4,91,2,99,1,88,2,,가톨릭대,"수, 수Ⅰ, 수Ⅱ, 미적분(성심(자연과학, 공학), 성의(간호)) /
수, 수Ⅰ, 수Ⅱ, 미적분, 확률과 통계(성심(약학), 성의(의예))","간호 : 국,수,영,탐(1) 중 3개 합 7
약학 : 국,수,영,과(1) 중 3개 합 5
의예 :  국,수,영,과(절사) 중 3개 합 4, 한 4"
2025,99,1,,,76,3,,,88,2,79,3,79,3,97,1,65,4,97,1,97,1,88,2,97,1,94,2,94,2,88,2,94,2,94,2,94,2,94,2,94,2,76,3,88,2,96,1,97,1,99,1,,건국대,"수, 수Ⅰ, 수Ⅱ, 미적분, 확률과 통계, 기하","자연 :  국,수,영,탐(1) 중 2개 합 5, 한 5
수의예 : 국,수,영,탐(1) 중 3개 합 4, 한 5"
2025,99,1,88,2,92,2,96,1,69,4,88,2,88,2,94,2,53,5,100,1,88,2,88,2,94,2,81,3,88,2,88,2,94,2,72,4,94,2,97,1,99,1,99,1,,,98,1,88,2,97,1,,경희대,"수, 수Ⅰ, 수Ⅱ, 미적분, 확률과 통계, 기하","자연 :  국,수,영,탐 중 2개 합 5, 한 5
의,치,한,약 : 국,수,영,탐 중 3개 합 4, 한 5
체육 : 국,수,영,탐 중 1개 영역 이상 3 이내"
2025,,,88,2,97,1,97,1,97,1,88,2,84,3,76,3,81,3,99,1,69,4,88,2,99,1,74,4,81,3,94,2,88,2,97,1,97,1,99,1,81,3,100,1,91,2,97,1,79,3,88,2,,고려대,"수, 수Ⅰ, 수Ⅱ, 미적분, 확률과 통계, 기하","국,수,영,탐(1) 중 4개 합 8, 한 4"
2025,96,1,99,1,97,1,99,1,94,2,84,3,84,3,81,3,94,2,99,1,88,2,97,1,100,1,81,3,94,2,81,3,97,1,94,2,96,1,99,1,96,1,69,4,52,5,88,2,88,2,88,2,,광운대,"수, 수Ⅰ, 수Ⅱ, 미적분, 확률과 통계",없음.
2025,,,97,1,81,3,88,2,88,2,74,4,69,4,84,3,60,4,100,1,84,3,97,1,97,1,81,3,84,3,94,2,88,2,88,2,97,1,91,2,81,3,84,3,84,3,98,1,88,2,94,2,,단국대,"수, 수Ⅰ, 수Ⅱ, 미적분",없음.
2025,91,2,74,4,94,2,88,2,88,2,67,4,79,3,88,2,67,4,100,1,88,2,99,1,99,1,81,3,94,2,84,3,91,2,84,3,100,1,94,2,72,4,88,2,76,3,97,1,81,3,96,1,,덕성여대,"수, 수Ⅰ, 수Ⅱ /
수, 수Ⅰ, 수Ⅱ, 미적분(약학)","과학기술대학 :  국,수,영,탐(1) 중 2개 합 7
약학 : 국,수,영,탐(1) 중 3개 합 5(수 포함, 영 또는 사 1개만 반영 )"
2025,94,2,96,1,88,2,99,1,94,2,94,2,74,4,94,2,69,4,96,1,94,2,81,3,94,2,88,2,88,2,100,1,88,2,91,2,99,1,94,2,69,4,,,88,2,99,1,86,3,84,3,,동국대,"수, 수Ⅰ, 수Ⅱ, 미적분, 확률과 통계, 기하","자연, 바이오시스템 : 국,수,영,탐/직(1) 중 2개 합 5, 한 4(수 또는 과 포함)
경찰행정(자연) :  국,수,영,탐/직(1) 중 2개 합 4, 한 4
약학 : 국,수,영,탐/직(1) 중 3개 합 4, 한 4(수 또는 과 포함)"
2025,91,2,94,2,72,4,98,1,88,2,88,2,69,4,76,3,76,3,84,3,94,2,81,3,88,2,88,2,94,2,74,4,94,2,81,3,99,1,96,1,76,3,65,4,79,3,100,1,94,2,96,1,,동덕여대,"수, 수Ⅰ, 수Ⅱ, 미적분","국,수,영,탐(1) 중 2개 합 6"
2025,99,1,96,1,94,2,98,1,94,2,74,4,84,3,94,2,65,4,99,1,88,2,94,2,97,1,94,2,88,2,88,2,97,1,88,2,99,1,97,1,,,86,3,88,2,100,1,88,2,88,2,,서강대,"수, 수Ⅰ, 수Ⅱ, 미적분, 확률과 통계, 기하","국,수,영,탐/직(1) 중 3개 합 7, 한 4"
2025,88,2,88,2,94,2,97,1,86,3,81,3,88,2,81,3,60,4,94,2,99,1,88,2,76,3,97,1,94,2,88,2,88,2,84,3,100,1,81,3,86,3,,,76,3,100,1,81,3,99,1,,서울과기대,"수, 수Ⅰ, 수Ⅱ, 미적분",없음.
2025,88,2,97,1,81,3,99,1,84,3,81,3,65,4,96,1,69,4,99,1,99,1,91,2,97,1,63,4,88,2,94,2,97,1,88,2,94,2,96,1,54,5,100,1,76,3,99,1,72,4,97,1,,서울시립대,"수, 수Ⅰ, 수Ⅱ, 미적분, 확률과 통계, 기하",없음.
2025,91,3,97,1,,,94,2,84,3,79,3,76,3,97,1,69,4,97,1,97,1,81,3,99,1,99,1,94,2,81,3,88,2,81,3,100,1,88,2,91,2,96,1,94,2,88,2,81,3,94,2,,성균관대,"수, 수Ⅰ, 수Ⅱ","자유전공계열 : 국,수,영,탐 중 3개 합 5
자연,공학,건설환경공학 : 국,수,영,탐 중 3개 합 6
에너지,반도체시스템,글로벌바이오메티컬, 약학, 지능형소프트웨어,반도체융합공학 : 국,수,영,탐 중 3개 합 6
전기전자공학부,소프트웨어학과 : 국,수,영,탐1,탐2 중 3개 합 5
의예 : 국,수,영,탐 중 4개 합 5"
2025,74,4,97,1,88,2,88,2,96,1,88,2,76,3,97,1,76,3,81,3,88,2,81,3,97,1,94,2,97,1,88,2,81,3,88,2,,,88,2,76,3,94,2,88,2,99,1,81,3,94,2,,성신여대,"수, 수Ⅰ, 수Ⅱ, 미적분","국,수,영,탐/직(1) 중 2개 합 7"
2025,88,2,,,97,1,100,1,69,4,94,2,84,3,88,2,76,3,97,1,81,3,99,1,94,2,99,1,88,2,81,3,97,1,91,2,99,1,88,2,84,3,94,2,81,3,99,1,84,3,81,3,,세종대,"수, 수Ⅰ, 수Ⅱ, 미적분","국,수,영,탐(1) 중 2개 합 5"
2025,69,4,96,1,97,1,84,3,91,2,88,2,81,3,88,2,72,4,99,1,81,3,96,1,91,2,,,81,3,74,4,88,2,88,2,99,1,94,2,,,94,2,88,2,94,2,81,3,88,2,,숙명여대,"수, 수Ⅰ, 수Ⅱ, 미적분","자연 : 국,수,영,탐(1) 중 2개 합 5
약학 : 국,수,영,탐(1) 중 3개 합 4(수 포함)"
2025,88,2,97,1,97,1,97,1,,,91,2,84,3,,,94,2,100,1,96,1,88,2,94,2,65,4,99,1,94,2,97,1,76,3,91,2,81,3,88,2,94,2,81,3,94,2,94,2,97,1,,숭실대,"수, 수Ⅰ, 수Ⅱ, 미적분","국,수,영,탐(1) 중 2개 합 6"
2025,56,5,92,2,94,2,98,1,88,2,81,3,69,4,81,3,97,1,81,3,79,3,88,2,99,1,84,3,94,2,88,2,81,3,74,4,96,1,88,2,98,1,76,3,81,3,,,97,1,96,1,,아주대,"수, 수Ⅰ, 수Ⅱ, 미적분","의학 : 국,수,영,탐 4개 합 6
약학 : 국,수,영,탐 중 3개 합 5"
2025,60,4,69,4,81,3,84,3,99,1,81,3,84,3,94,2,81,3,100,1,91,2,97,1,97,1,88,2,94,2,94,2,91,2,94,2,88,2,88,2,88,2,97,1,,,99,1,69,4,79,3,,연세대,"수학 교과 전 과목 /
수, 수Ⅰ, 수Ⅱ, 미적분, 확률과 통계, 기하(연세대(미래)(의예))",없음.
2025,63,4,94,2,86,3,99,1,88,2,76,3,81,3,79,3,60,4,,,88,2,88,2,99,1,76,3,81,3,69,4,97,1,97,1,99,1,97,1,88,2,97,1,,,88,2,56,5,76,3,,이화여대,"수, 수Ⅰ, 수Ⅱ, 미적분, 확률과 통계, 기하","자연 : 국,수,영,탐(1) 중 2개 합 5(수 포함)
약학 : 국,수,영,탐(1) 4개 합 6
의예 : 국,수,영,탐(1) 4개 합 5
스크랜튼학부 : 국,수,영,탐(1) 중 3개 합 5"
2025,81,3,94,2,84,3,96,1,94,2,81,3,76,3,97,1,97,1,,,88,2,97,1,88,2,,,88,2,96,1,97,1,88,2,94,2,97,1,72,4,99,1,,,91,2,88,2,97,1,,인하대,"수, 수Ⅰ, 수Ⅱ, 미적분","의예 : 국,수,영,과 중 3개 각 1"
2025,74,4,100,1,88,2,91,2,81,3,76,3,76,3,96,1,84,3,,,99,1,97,1,100,1,76,3,91,2,97,1,88,2,99,1,97,1,91,2,88,2,100,1,,,99,1,69,4,76,3,,중앙대,"수, 수Ⅰ, 수Ⅱ, 미적분, 확률과 통계, 기하","자연 : 국,수,영,탐(1) 중 3개 합 6, 한 4, 영어 2등급은 1등급으로 인정
약학 : 국,수,영,탐(1) 중 4개 합 5, 한 4, 영어 2등급은 1등급으로 인정
의학 :  국,수,영,탐 중 4개 합 5, 한 4, 영어 2등급은 1등급으로 인정"
2025,63,4,99,1,88,2,94,2,84,3,97,1,84,3,94,2,97,1,,,97,1,94,2,97,1,76,3,91,2,94,2,88,2,94,2,97,1,88,2,99,1,97,1,,,97,1,94,2,94,2,,중앙대(다빈치),"수, 수Ⅰ, 수Ⅱ, 미적분, 확률과 통계, 기하","자연 : 국,수,영,탐(1) 중 3개 합 6, 한 4, 영어 2등급은 1등급으로 인정
약학 : 국,수,영,탐(1) 중 4개 합 5, 한 4, 영어 2등급은 1등급으로 인정
의학 :  국,수,영,탐 중 4개 합 5, 한 4, 영어 2등급은 2등급으로 인정"
2025,74,4,88,2,94,2,88,2,97,1,72,4,76,3,88,2,76,3,,,91,2,97,1,100,1,81,3,60,4,88,2,91,2,94,2,94,2,88,2,88,2,96,1,,,99,1,88,2,94,2,,한양대,"수, 수Ⅰ, 수Ⅱ, 미적분, 확률과 통계, 기하","자연 : 국,수,영,탐(1) 중 3개 합 7(국,수,영,탐 2과목 필수 응시)
의예 : 국,수,영,탐 중 3개 합 4(국,수,영,탐 2과목 필수 응시)"
2025,74,4,81,3,99,1,99,1,88,2,76,3,88,2,94,2,81,3,,,88,2,97,1,94,2,81,3,97,1,79,3,81,3,88,2,98,1,84,3,97,1,97,1,,,94,2,60,4,88,2,,항공대,"수, 수Ⅰ, 수Ⅱ (이학) /
수, 수Ⅰ, 수Ⅱ, 미적분 (공학)","국,수,영,탐(1) 중 2개 합 6"
2025,81,3,88,2,96,1,94,2,81,3,81,3,69,4,96,1,81,3,,,94,2,97,1,81,3,81,3,91,2,94,2,88,2,76,3,99,1,84,3,84,3,94,2,,,91,2,72,4,100,1,,홍익대,"수, 수Ⅰ, 수Ⅱ, 미적분, 확률과 통계, 기하","국,수,영,탐(1) 중 2개 합 5, 한국사 4"
2025,67,4,94,2,84,3,100,1,99,1,67,4,81,3,94,2,81,3,,,74,4,79,3,88,2,88,2,97,1,72,4,94,2,97,1,97,1,94,2,88,2,97,1,,,100,1,76,3,100,1,,,,
2025,81,3,97,1,88,2,91,2,94,2,94,2,76,3,91,2,67,4,,,79,3,81,3,99,1,88,2,94,2,81,3,65,4,88,2,99,1,97,1,94,2,94,2,,,97,1,60,4,92,2,,,,
2025,94,2,88,2,91,2,99,1,94,2,76,3,65,4,91,2,81,3,,,94,2,91,2,81,3,94,2,74,4,81,3,88,2,67,4,99,1,91,2,97,1,94,2,,,97,1,76,3,88,2,,,,
2025,97,1,69,4,99,1,99,1,81,3,81,3,74,4,94,2,76,3,,,88,2,,,94,2,81,3,96,1,94,2,81,3,94,2,99,1,81,3,88,2,96,1,,,96,1,81,3,94,2,,,,
2025,69,4,97,1,94,2,97,1,67,4,97,1,,,81,3,60,4,,,81,3,,,100,1,60,4,92,2,88,2,74,4,97,1,99,1,79,3,88,2,100,1,,,84,3,74,4,96,1,,,,
2025,76,3,94,2,94,2,99,1,88,2,94,2,,,94,2,76,3,,,94,2,,,94,2,,,84,3,74,4,88,2,88,2,97,1,91,2,,,96,1,,,99,1,76,3,99,1,,,,
2025,88,2,88,2,97,1,99,1,96,1,97,1,,,91,2,69,4,,,69,4,,,96,1,79,3,81,3,88,2,97,1,99,1,94,2,94,2,94,2,81,3,,,97,1,79,3,94,2,,,,
2025,65,4,91,2,97,1,99,1,,,91,2,,,94,2,,,,,88,2,,,97,1,88,2,88,2,97,1,94,2,88,2,99,1,88,2,79,3,84,3,,,,,97,1,91,2,,,,
2025,78,3,99,1,94,2,99,1,74,4,94,2,,,88,2,,,,,99,1,,,99,1,84,3,74,4,91,2,97,1,,,100,1,88,2,94,2,,,,,100,1,76,3,94,2,,,,
2025,,,88,2,81,3,94,2,97,1,94,2,,,91,2,,,,,97,1,,,,,88,2,97,1,,,94,2,,,94,2,97,1,,,97,1,,,,,91,2,94,2,,,,
2025,,,88,2,97,1,94,2,88,2,65,4,,,94,2,,,,,88,2,,,99,1,81,3,91,2,,,88,2,,,94,2,88,2,63,4,94,2,,,88,2,81,3,74,4,,,,
2025,,,99,1,97,1,99,1,88,2,67,4,,,99,1,,,,,76,3,,,99,1,65,4,97,1,,,88,2,,,100,1,94,2,,,97,1,,,,,88,2,88,2,,,,
2025,,,91,2,94,2,91,2,81,3,88,2,,,88,2,,,,,74,4,,,88,2,81,3,97,1,,,79,3,,,99,1,96,1,98,1,99,1,,,81,3,84,3,84,3,,,,
2025,,,88,2,97,1,97,1,88,2,81,3,,,88,2,,,,,91,2,,,100,1,69,4,94,2,,,84,3,,,98,1,94,2,91,2,94,2,,,100,1,81,3,94,2,,,,
2025,,,94,2,97,1,100,1,,,88,2,,,94,2,,,,,84,3,,,94,2,81,3,88,2,,,76,3,,,88,2,97,1,79,3,69,4,,,97,1,88,2,88,2,,,,
2025,,,97,1,97,1,100,1,97,1,94,2,,,97,1,,,,,97,1,,,97,1,88,2,88,2,,,72,4,,,81,3,97,1,81,3,88,2,,,94,2,81,3,97,1,,,,
2025,,,99,1,97,1,97,1,84,3,94,2,,,88,2,,,,,97,1,,,100,1,74,4,88,2,,,88,2,,,100,1,99,1,88,2,,,,,88,2,94,2,88,2,,,,
2025,,,94,2,97,1,99,1,79,3,,,,,74,4,,,,,81,3,,,98,1,67,4,94,2,,,97,1,,,99,1,,,94,2,97,1,,,84,3,69,4,100,1,,,,
2025,,,42,5,91,2,94,2,94,2,94,2,,,99,1,,,,,97,1,,,99,1,,,88,2,,,88,2,,,97,1,,,,,94,2,,,94,2,81,3,97,1,,,,
2025,,,91,2,91,2,81,3,91,2,84,3,,,91,2,,,,,94,2,,,99,1,,,94,2,,,69,4,,,94,2,,,88,2,94,2,,,99,1,81,3,99,1,,,,
2025,,,92,2,88,2,94,2,97,1,81,3,,,76,3,,,,,94,2,,,97,1,,,91,2,,,97,1,,,91,2,,,88,2,,,,,97,1,96,1,97,1,,,,
2025,,,99,1,97,1,94,2,69,4,88,2,,,99,1,,,,,74,4,,,86,3,,,76,3,,,88,2,,,97,1,,,94,2,97,1,,,99,1,88,2,94,2,,,,
2025,,,94,2,97,1,97,1,97,1,97,1,,,79,3,,,,,97,1,,,99,1,,,94,2,,,81,3,,,88,2,,,88,2,94,2,,,99,1,81,3,94,2,,,,
2025,,,88,2,74,4,98,1,94,2,97,1,,,88,2,,,,,81,3,,,99,1,,,81,3,,,88,2,,,97,1,,,88,2,94,2,,,88,2,81,3,84,3,,,,
2025,,,94,2,97,1,99,1,81,3,56,5,,,88,2,,,,,74,4,,,88,2,,,91,2,,,94,2,,,97,1,,,97,1,94,2,,,97,1,81,3,99,1,,,,
2025,,,97,1,97,1,100,1,81,3,67,4,,,94,2,,,,,94,2,,,94,2,,,88,2,,,74,4,,,96,1,,,86,3,97,1,,,97,1,81,3,97,1,,,,
2025,,,94,2,94,2,97,1,76,3,81,3,,,88,2,,,,,94,2,,,97,1,,,91,2,,,94,2,,,94,2,,,94,2,88,2,,,97,1,88,2,99,1,,,,
2025,,,99,1,100,1,97,1,94,2,74,4,,,88,2,,,,,97,1,,,97,1,,,94,2,,,88,2,,,88,2,,,94,2,100,1,,,97,1,94,2,94,2,,,,
2025,,,97,1,94,2,99,1,81,3,76,3,,,99,1,,,,,84,3,,,97,1,,,88,2,,,81,3,,,97,1,,,88,2,97,1,,,94,2,88,2,91,2,,,,
2025,,,97,1,91,2,88,2,81,3,79,3,,,88,2,,,,,81,3,,,100,1,,,88,2,,,99,1,,,94,2,,,81,3,97,1,,,88,2,74,4,88,2,,,,
2025,,,97,1,88,2,94,2,88,2,76,3,,,81,3,,,,,81,3,,,97,1,,,76,3,,,96,1,,,,,,,88,2,97,1,,,94,2,88,2,81,3,,,,
2025,,,94,2,97,1,88,2,84,3,,,,,97,1,,,,,69,4,,,91,2,,,88,2,,,98,1,,,86,3,,,94,2,94,2,,,100,1,94,2,97,1,,,,
2025,,,99,1,97,1,100,1,,,,,,,81,3,,,,,69,4,,,76,3,,,94,2,,,69,4,,,,,,,69,4,97,1,,,97,1,81,3,100,1,,,,
2025,,,99,1,88,2,99,1,,,,,,,97,1,,,,,92,2,,,96,1,,,62,4,,,91,2,,,97,1,,,,,97,1,,,,,88,2,94,2,,,,
2025,,,94,2,,,97,1,,,,,,,81,3,,,,,79,3,,,97,1,,,88,2,,,88,2,,,,,,,74,4,,,,,88,2,81,3,94,2,,,,
2025,,,100,1,94,2,96,1,,,,,,,81,3,,,,,88,2,,,99,1,,,94,2,,,99,1,,,,,,,94,2,94,2,,,88,2,88,2,94,2,,,,
2025,,,,,94,2,100,1,,,,,,,99,1,,,,,88,2,,,,,,,81,3,,,88,2,,,,,,,94,2,94,2,,,97,1,88,2,88,2,,,,
2025,,,94,2,94,2,100,1,,,,,,,79,3,,,,,84,3,,,97,1,,,88,2,,,88,2,,,,,,,81,3,97,1,,,94,2,81,3,84,3,,,,
2025,,,94,2,97,1,,,,,,,,,,,,,,,65,4,,,99,1,,,88,2,,,88,2,,,,,,,88,2,81,3,,,88,2,81,3,84,3,,,,
2025,,,88,2,94,2,99,1,,,,,,,,,,,,,84,3,,,96,1,,,88,2,,,84,3,,,,,,,74,4,97,1,,,97,1,96,1,97,1,,,,
2025,,,94,2,94,2,97,1,,,,,,,,,,,,,74,4,,,88,2,,,97,1,,,,,,,,,,,84,3,74,4,,,99,1,94,2,100,1,,,,
2025,,,81,3,76,3,96,1,,,,,,,,,,,,,88,2,,,91,2,,,94,2,,,,,,,,,,,81,3,88,2,,,97,1,,,97,1,,,,
2025,,,98,1,81,3,88,2,,,,,,,,,,,,,69,4,,,91,2,,,88,2,,,,,,,,,,,76,3,94,2,,,100,1,96,1,88,2,,,,
2025,,,100,1,100,1,100,1,,,,,,,,,,,,,76,3,,,,,,,88,2,,,,,,,,,,,99,1,97,1,,,88,2,76,3,72,4,,,,
2025,,,81,3,72,4,,,,,,,,,,,,,,,,,,,88,2,,,97,1,,,,,,,,,,,81,3,97,1,,,98,1,88,2,88,2,,,,
2025,,,94,2,94,2,100,1,,,,,,,,,,,,,,,,,94,2,,,81,3,,,,,,,,,,,81,3,99,1,,,,,,,99,1,,,,
2025,,,,,88,2,88,2,,,,,,,,,,,,,,,,,99,1,,,94,2,,,,,,,,,,,94,2,99,1,,,94,2,,,88,2,,,,
2025,,,94,2,69,4,99,1,,,,,,,,,,,,,,,,,100,1,,,76,3,,,,,,,,,,,94,2,94,2,,,88,2,,,81,3,,,,
2025,,,94,2,88,2,94,2,,,,,,,,,,,,,,,,,99,1,,,96,1,,,,,,,,,,,88,2,98,1,,,88,2,,,94,2,,,,
2025,,,,,88,2,99,1,,,,,,,,,,,,,,,,,99,1,,,81,3,,,,,,,,,,,84,3,91,2,,,100,1,,,99,1,,,,
2025,,,,,100,1,100,1,,,,,,,,,,,,,,,,,97,1,,,94,2,,,,,,,,,,,97,1,88,2,,,,,,,97,1,,,,
2025,,,,,100,1,88,2,,,,,,,,,,,,,,,,,,,,,94,2,,,,,,,,,,,,,99,1,,,,,,,88,2,,,,
2025,,,,,99,1,94,2,,,,,,,,,,,,,,,,,,,,,88,2,,,,,,,,,,,97,1,97,1,,,,,,,91,2,,,,
2025,,,,,92,2,100,1,,,,,,,,,,,,,,,,,,,,,97,1,,,,,,,,,,,94,2,,,,,,,,,88,2,,,,
2025,,,,,97,1,97,1,,,,,,,,,,,,,,,,,,,,,99,1,,,,,,,,,,,88,2,98,1,,,,,,,76,3,,,,
2025,,,,,94,2,99,1,,,,,,,,,,,,,,,,,,,,,81,3,,,,,,,,,,,91,2,99,1,,,,,,,96,1,,,,
2025,,,,,88,2,96,1,,,,,,,,,,,,,,,,,,,,,88,2,,,,,,,,,,,81,3,92,2,,,,,,,97,1,,,,
2025,,,,,97,1,94,2,,,,,,,,,,,,,,,,,,,,,97,1,,,,,,,,,,,,,79,3,,,,,,,97,1,,,,
2025,,,,,88,2,97,1,,,,,,,,,,,,,,,,,,,,,88,2,,,,,,,,,,,,,96,1,,,,,,,94,2,,,,
2025,,,,,99,1,99,1,,,,,,,,,,,,,,,,,,,,,76,3,,,,,,,,,,,,,,,,,,,,,94,2,,,,
2025,,,,,94,2,99,1,,,,,,,,,,,,,,,,,,,,,81,3,,,,,,,,,,,,,,,,,,,,,94,2,,,,
2025,,,,,67,4,100,1,,,,,,,,,,,,,,,,,,,,,94,2,,,,,,,,,,,,,,,,,,,,,100,1,,,,
2025,,,,,81,3,97,1,,,,,,,,,,,,,,,,,,,,,94,2,,,,,,,,,,,,,,,,,,,,,81,3,,,,
2025,,,,,99,1,97,1,,,,,,,,,,,,,,,,,,,,,84,3,,,,,,,,,,,,,,,,,,,,,88,2,,,,
2025,,,,,88,2,100,1,,,,,,,,,,,,,,,,,,,,,94,2,,,,,,,,,,,,,,,,,,,,,81,3,,,,
2025,,,,,94,2,97,1,,,,,,,,,,,,,,,,,,,,,94,2,,,,,,,,,,,,,,,,,,,,,99,1,,,,
2025,,,,,94,2,98,1,,,,,,,,,,,,,,,,,,,,,88,2,,,,,,,,,,,,,,,,,,,,,94,2,,,,
2025,,,,,,,97,1,,,,,,,,,,,,,,,,,,,,,94,2,,,,,,,,,,,,,,,,,,,,,91,2,,,,
2025,,,,,99,1,91,2,,,,,,,,,,,,,,,,,,,,,94,2,,,,,,,,,,,,,,,,,,,,,94,2,,,,
2025,,,,,88,2,97,1,,,,,,,,,,,,,,,,,,,,,94,2,,,,,,,,,,,,,,,,,,,,,84,3,,,,
2025,,,,,100,1,97,1,,,,,,,,,,,,,,,,,,,,,94,2,,,,,,,,,,,,,,,,,,,,,91,2,,,,
2025,,,,,94,2,81,3,,,,,,,,,,,,,,,,,,,,,88,2,,,,,,,,,,,,,,,,,,,,,94,2,,,,
2025,,,,,94,2,,,,,,,,,,,,,,,,,,,,,,,88,2,,,,,,,,,,,,,,,,,,,,,76,3,,,,
2025,,,,,94,2,,,,,,,,,,,,,,,,,,,,,,,81,3,,,,,,,,,,,,,,,,,,,,,88,2,,,,
2025,,,,,97,1,,,,,,,,,,,,,,,,,,,,,,,79,3,,,,,,,,,,,,,,,,,,,,,94,2,,,,
2025,,,,,99,1,,,,,,,,,,,,,,,,,,,,,,,72,4,,,,,,,,,,,,,,,,,,,,,88,2,,,,
2025,,,,,,,,,,,,,,,,,,,,,,,,,,,,,98,1,,,,,,,,,,,,,,,,,,,,,88,2,,,,
2025,,,,,88,2,,,,,,,,,,,,,,,,,,,,,,,96,1,,,,,,,,,,,,,,,,,,,,,76,3,,,,
2025,,,,,88,2,,,,,,,,,,,,,,,,,,,,,,,88,2,,,,,,,,,,,,,,,,,,,,,88,2,,,,
2025,,,,,88,2,,,,,,,,,,,,,,,,,,,,,,,69,4,,,,,,,,,,,,,,,,,,,,,97,1,,,,
2025,,,,,88,2,,,,,,,,,,,,,,,,,,,,,,,88,2,,,,,,,,,,,,,,,,,,,,,88,2,,,,
2025,,,,,,,,,,,,,,,,,,,,,,,,,,,,,91,2,,,,,,,,,,,,,,,,,,,,,97,1,,,,
2025,,,,,,,,,,,,,,,,,,,,,,,,,,,,,88,2,,,,,,,,,,,,,,,,,,,,,96,1,,,,
2025,,,,,,,,,,,,,,,,,,,,,,,,,,,,,,,,,,,,,,,,,,,,,,,,,,,94,2,,,,
2025,,,,,,,,,,,,,,,,,,,,,,,,,,,,,,,,,,,,,,,,,,,,,,,,,,,97,1,,,,
2025,,,,,,,,,,,,,,,,,,,,,,,,,,,,,,,,,,,,,,,,,,,,,,,,,,,76,3,,,,
2025,,,,,,,,,,,,,,,,,,,,,,,,,,,,,,,,,,,,,,,,,,,,,,,,,,,96,1,,,,
2025,,,,,,,,,,,,,,,,,,,,,,,,,,,,,,,,,,,,,,,,,,,,,,,,,,,97,1,,,,
2025,,,,,,,,,,,,,,,,,,,,,,,,,,,,,,,,,,,,,,,,,,,,,,,,,,,94,2,,,,
2025,,,,,,,,,,,,,,,,,,,,,,,,,,,,,,,,,,,,,,,,,,,,,,,,,,,88,2,,,,
2025,,,,,,,,,,,,,,,,,,,,,,,,,,,,,,,,,,,,,,,,,,,,,,,,,,,97,1,,,,
2025,,,,,,,,,,,,,,,,,,,,,,,,,,,,,,,,,,,,,,,,,,,,,,,,,,,81,3,,,,
2025,,,,,,,,,,,,,,,,,,,,,,,,,,,,,,,,,,,,,,,,,,,,,,,,,,,76,3,,,,
2025,,,,,,,,,,,,,,,,,,,,,,,,,,,,,,,,,,,,,,,,,,,,,,,,,,,81,3,,,,
2025,,,,,,,,,,,,,,,,,,,,,,,,,,,,,,,,,,,,,,,,,,,,,,,,,,,97,1,,,,
2025,,,,,,,,,,,,,,,,,,,,,,,,,,,,,,,,,,,,,,,,,,,,,,,,,,,97,1,,,,
2024,95,2,87,3,92,2,,,98,1,87,3,81,3,95,2,74,4,98,1,98,1,93,2,98,1,87,3,98,1,81,3,87,3,9,8,,,81,3,87,3,87,3,76,4,97,1,92,2,87,3,,,,
2024,98,1,93,2,93,2,,,93,2,87,3,76,4,95,2,70,4,97,1,87,3,90,2,97,1,92,2,85,3,92,2,92,2,,#N/A,,,92,2,85,3,93,2,66,4,95,2,93,2,87,3,,,,
2024,31,6,51,5,96,2,,,85,3,62,4,78,3,87,3,81,3,95,2,85,3,85,3,98,1,95,2,92,2,59,5,90,2,92,2,,,92,2,93,2,98,1,68,4,93,2,87,3,85,3,,,,
2024,74,4,87,3,90,2,,,95,2,92,2,87,3,92,2,90,2,93,2,95,2,81,3,92,2,83,3,92,2,97,1,98,1,97,1,,,98,1,59,5,98,1,87,3,98,1,90,2,81,3,,,,
2024,83,3,93,2,87,3,,,90,2,63,4,68,4,90,2,87,3,99,1,87,3,92,2,97,1,98,1,76,4,76,4,97,1,87,3,,,98,1,85,3,92,2,97,1,98,1,87,3,87,3,,,,
2024,74,4,93,2,96,2,,,87,3,66,4,66,4,97,1,70,4,92,2,74,4,97,1,92,2,68,4,90,2,81,3,87,3,92,2,,,87,3,87,3,98,1,74,4,95,2,87,3,90,2,,,,
2024,81,3,76,4,95,2,,,81,3,87,3,81,3,81,3,74,4,87,3,81,3,85,3,92,2,90,2,98,1,81,3,87,3,99,1,,,87,3,,#N/A,95,2,87,3,54,5,85,3,90,2,,,,
2024,66,4,85,3,97,1,,,95,2,74,4,68,4,95,2,87,3,98,1,81,3,93,2,97,1,87,3,92,2,95,2,93,2,74,4,,,95,2,76,4,97,1,74,4,98,1,98,1,95,2,,,,
2024,68,4,85,3,95,2,,,66,4,92,2,81,3,93,2,74,4,93,2,70,4,89,2,99,1,74,4,78,3,76,4,78,3,98,1,,,87,3,51,5,95,2,81,3,99,1,81,3,87,3,,,,
2024,74,4,92,2,74,4,,,66,4,87,3,81,3,87,3,68,4,90,2,59,5,90,2,97,1,87,3,87,3,90,2,81,3,96,1,,,81,3,92,2,93,2,92,2,98,1,74,4,87,3,,,,
2024,99,1,81,3,83,3,,,81,3,74,4,63,4,83,3,92,2,98,1,81,3,87,3,98,1,87,3,89,2,81,3,81,3,99,1,,,78,3,81,3,92,2,85,3,99,1,99,1,81,3,,,,
2024,81,3,96,1,92,2,,,74,4,87,3,81,3,95,2,74,4,93,2,95,2,,#N/A,93,2,81,3,85,3,92,2,93,2,74,4,,,74,4,96,1,99,1,54,5,97,1,92,2,95,2,,,,
2024,81,3,81,3,97,1,,,87,3,,,57,5,93,2,81,3,95,2,74,4,92,2,97,1,81,3,93,2,87,3,90,2,81,3,,,97,1,,#N/A,92,2,87,3,98,1,92,2,95,2,,,,
2024,85,3,90,2,93,2,,,81,3,,,78,3,95,2,81,3,,#N/A,81,3,97,1,100,1,85,3,95,2,74,4,95,2,74,4,,,85,3,74,4,90,2,85,3,98,1,85,3,89,2,,,,
2024,23,6,92,2,87,3,,,87,3,92,2,87,3,92,2,87,3,97,1,87,3,93,2,98,1,74,4,81,3,87,3,90,2,68,4,,,85,3,81,3,96,1,,,98,1,81,3,98,1,,,,
2024,51,5,96,1,100,1,,,95,2,85,3,59,5,81,3,66,4,92,2,85,3,98,1,97,1,93,2,81,3,90,2,89,2,74,4,,,81,3,87,3,98,1,,,90,2,92,2,93,2,,,,
2024,8,8,95,2,93,2,,,90,2,83,3,54,5,78,3,66,4,97,1,87,3,,,95,2,74,4,93,2,90,2,87,3,66,4,,,87,3,74,4,98,1,,,98,1,74,4,93,2,,,,
2024,81,3,92,2,98,1,,,98,1,87,3,87,3,95,2,74,4,87,3,74,4,,,97,1,87,3,95,2,34,6,90,2,85,3,,,87,3,81,3,89,2,,,97,1,74,4,90,2,,,,
2024,83,3,87,3,97,1,,,74,4,62,4,74,4,87,3,68,4,100,1,87,3,,,97,1,81,3,90,2,81,3,87,3,92,2,,,92,2,87,3,98,1,,,98,1,87,3,90,2,,,,
2024,74,4,95,2,97,1,,,81,3,81,3,63,4,68,4,78,3,93,2,85,3,,,95,2,68,4,66,4,87,3,87,3,93,2,,,93,2,74,4,90,2,,,92,2,97,1,98,1,,,,
2024,74,4,99,1,97,1,,,59,5,74,4,70,4,87,3,81,3,98,1,92,2,,,97,1,95,2,99,1,95,2,85,3,85,3,,,81,3,99,1,92,2,,,99,1,76,4,92,2,,,,
2024,68,4,87,3,93,2,,,81,3,76,4,74,4,85,3,78,3,98,1,,#N/A,,,98,1,89,2,92,2,87,3,92,2,93,2,,,90,2,87,3,93,2,,,96,1,92,2,97,1,,,,
2024,85,3,93,2,99,1,,,,,81,3,87,3,92,2,87,3,97,1,95,2,,,98,1,92,2,90,2,87,3,90,2,97,1,,,83,3,89,2,85,3,,,85,3,81,3,92,2,,,,
2024,85,3,92,2,98,1,,,,,97,1,,,66,4,68,4,98,1,74,4,,,97,1,85,3,87,3,81,3,92,2,70,4,,,95,2,81,3,90,2,,,92,2,81,3,95,2,,,,
2024,90,2,98,1,87,3,,,78,3,87,3,,,85,3,83,3,,,95,2,,,93,2,81,3,87,3,76,4,97,1,93,2,,,95,2,74,4,98,1,,,97,1,90,2,99,1,,,,
2024,85,3,95,2,99,1,,,92,2,87,3,,,92,2,78,3,,,97,1,,,90,2,68,4,81,3,93,2,87,3,74,4,,,97,1,90,2,97,1,,,87,3,95,2,85,3,,,,
2024,90,2,99,1,95,2,,,85,3,74,4,,,93,2,81,3,,,90,2,,,98,1,70,4,92,2,90,2,90,2,92,2,,,92,2,35,6,87,3,,,97,1,81,3,95,2,,,,
2024,85,2,92,2,93,2,,,90,2,81,3,,,87,3,87,3,,,87,3,,,98,1,74,4,87,3,81,3,92,2,99,1,,,95,2,68,4,98,1,,,97,1,66,4,89,2,,,,
2024,90,2,81,3,98,1,,,68,4,87,3,,,81,3,76,4,,,87,3,,,97,1,92,2,97,1,87,3,74,4,99,1,,,83,3,81,3,90,2,,,66,4,87,3,98,1,,,,
2024,95,2,92,2,81,3,,,81,3,,#N/A,,,81,3,76,4,,,90,2,,,93,2,87,3,85,3,93,2,87,3,93,2,,,97,1,66,4,95,2,,,96,1,89,2,92,2,,,,
2024,99,1,97,1,95,2,,,76,4,81,3,,,81,3,90,2,,,68,4,,,97,1,81,3,98,1,95,2,92,2,100,1,,,97,1,97,1,97,1,,,95,2,59,5,68,4,,,,
2024,100,1,85,3,92,2,,,98,1,87,3,,,98,1,89,2,,,81,3,,,87,3,66,4,95,2,93,2,95,2,95,2,,,95,2,90,2,78,3,,,90,2,95,2,59,5,,,,
2024,76,3,99,1,93,2,,,95,2,87,3,,,95,2,74,4,,,,#N/A,,,97,1,74,4,66,4,90,2,90,2,87,3,,,81,3,90,2,97,1,,,95,2,83,3,90,2,,,,
2024,99,1,87,3,85,3,,,87,3,74,4,,,95,2,78,3,,,81,3,,,99,1,81,3,81,3,90,2,92,2,,#N/A,,,81,3,85,3,93,2,,,97,1,90,2,90,2,,,,
2024,100,1,93,2,83,3,,,,#N/A,8,8,,,95,2,74,4,,,81,3,,,99,1,87,3,90,2,59,5,83,3,74,4,,,92,2,87,3,95,2,,,92,2,83,3,92,2,,,,
2024,99,1,93,2,90,2,,,95,2,81,3,,,74,4,74,4,,,76,4,,,95,2,68,4,90,2,,,74,4,90,2,,,87,3,87,3,97,1,,,95,2,81,3,85,3,,,,
2024,85,3,92,2,95,2,,,81,3,92,2,,,95,2,,,,,78,3,,,95,2,81,3,83,3,,,95,2,97,1,,,95,2,85,3,87,3,,,95,2,68,4,90,2,,,,
2024,81,3,90,2,93,2,,,8,8,87,3,,,82,3,,,,,68,4,,,95,2,74,4,87,3,,,76,4,99,1,,,87,3,92,2,93,2,,,97,1,85,3,93,2,,,,
2024,81,3,95,2,93,2,,,97,1,98,1,,,93,2,,,,,81,3,,,74,4,87,3,90,2,,,92,2,74,4,,,93,2,87,3,99,1,,,99,1,87,3,90,2,,,,
2024,100,1,97,1,97,1,,,87,3,,#N/A,,,97,1,,,,,78,3,,,93,2,92,2,85,3,,,87,3,92,2,,,95,2,95,2,95,2,,,92,2,89,2,93,2,,,,
2024,,,92,2,92,2,,,95,2,92,2,,,87,3,,,,,,#N/A,,,98,1,76,4,90,2,,,95,2,97,1,,,76,4,74,4,97,1,,,87,3,74,4,87,3,,,,
2024,,,87,3,98,1,,,78,3,66,4,,,95,2,,,,,90,2,,,87,3,76,4,87,3,,,95,2,,#N/A,,,90,2,96,1,98,1,,,96,1,95,2,93,2,,,,
2024,,,93,2,97,1,,,81,3,87,3,,,76,4,,,,,89,2,,,98,1,68,4,97,1,,,95,2,81,3,,,93,2,,#N/A,93,2,,,96,1,89,2,92,2,,,,
2024,,,83,3,92,2,,,,#N/A,99,1,,,85,3,,,,,66,4,,,100,1,81,3,97,1,,,81,3,81,3,,,,,81,3,95,2,,,99,1,81,3,92,2,,,,
2024,,,95,2,90,2,,,87,3,87,3,,,90,2,,,,,78,3,,,97,1,81,3,83,3,,,95,2,90,2,,,,,81,3,97,1,,,97,1,85,3,99,1,,,,
2024,,,97,1,93,2,,,81,3,81,3,,,98,1,,,,,90,2,,,100,1,76,4,95,2,,,92,2,92,2,,,,,87,3,81,3,,,93,2,87,3,85,3,,,,
2024,,,78,3,90,2,,,81,3,92,2,,,85,3,,,,,97,1,,,95,2,87,3,76,4,,,85,3,85,3,,,,,78,3,97,1,,,92,2,70,4,76,4,,,,
2024,,,97,1,87,3,,,81,3,90,2,,,81,3,,,,,85,3,,,90,2,87,3,87,3,,,97,1,89,2,,,,,59,5,93,2,,,99,1,81,3,98,1,,,,
2024,,,81,3,87,3,,,66,4,81,3,,,85,3,,,,,81,3,,,92,2,74,4,76,4,,,97,1,76,4,,,,,78,3,98,1,,,97,1,95,2,97,1,,,,
2024,,,97,1,99,1,,,81,3,95,2,,,95,2,,,,,81,3,,,97,1,82,3,74,4,,,92,2,90,2,,,,,90,2,95,2,,,98,1,92,2,90,2,,,,
2024,,,87,3,99,1,,,81,3,81,3,,,81,3,,,,,83,3,,,97,1,59,5,90,2,,,90,2,90,2,,,,,95,2,97,1,,,98,1,81,3,76,4,,,,
2024,,,81,3,74,4,,,78,3,,#N/A,,,66,4,,,,,76,4,,,92,2,66,4,74,4,,,95,2,92,2,,,,,81,3,97,1,,,97,1,81,3,97,1,,,,
2024,,,97,1,97,1,,,81,3,92,2,,,90,2,,,,,97,1,,,99,1,67,4,87,3,,,95,2,99,1,,,,,95,2,98,1,,,100,1,97,1,93,2,,,,
2024,,,87,3,95,2,,,98,1,74,4,,,74,4,,,,,92,2,,,95,2,78,3,95,2,,,87,3,66,4,,,,,,#N/A,97,1,,,99,1,87,3,95,2,,,,
2024,,,95,2,90,2,,,95,2,92,2,,,81,3,,,,,99,1,,,99,1,87,3,92,2,,,90,2,90,2,,,,,87,3,95,2,,,95,2,92,2,90,2,,,,
2024,,,95,2,90,2,,,85,3,66,4,,,92,2,,,,,,#N/A,,,92,2,68,4,95,2,,,85,3,,,,,,,92,2,93,2,,,85,3,74,4,78,3,,,,
2024,,,87,3,97,1,,,81,3,74,4,,,92,2,,,,,66,4,,,98,1,90,2,95,2,,,92,2,,,,,,,66,4,93,2,,,93,2,95,2,87,3,,,,
2024,,,87,3,85,3,,,76,4,83,3,,,87,3,,,,,85,3,,,93,2,83,3,90,2,,,74,4,,,,,,,97,1,98,1,,,98,1,,,97,1,,,,
2024,,,87,3,76,3,,,70,4,81,3,,,,,,,,,92,2,,,98,1,78,3,95,2,,,95,2,,,,,,,87,3,98,1,,,97,1,,,66,4,,,,
2024,,,85,3,93,2,,,66,4,95,2,,,,,,,,,87,3,,,98,1,,,87,3,,,87,3,,,,,,,87,3,93,2,,,92,2,,,95,2,,,,
2024,,,97,1,93,2,,,85,3,95,2,,,,,,,,,90,2,,,98,1,,,95,2,,,92,2,,,,,,,81,3,92,2,,,93,2,,,95,2,,,,
2024,,,92,2,99,1,,,87,3,,,,,,,,,,,98,1,,,99,1,,,78,3,,,81,3,,,,,,,92,2,99,1,,,98,1,,,81,3,,,,
2024,,,87,3,92,2,,,66,4,,,,,,,,,,,78,3,,,92,2,,,95,2,,,87,3,,,,,,,90,2,76,4,,,99,1,,,74,4,,,,
2024,,,81,3,81,3,,,85,3,,,,,,,,,,,85,3,,,90,2,,,87,3,,,81,3,,,,,,,81,3,99,1,,,93,2,,,66,4,,,,
2024,,,99,1,93,2,,,74,4,,,,,,,,,,,98,1,,,99,1,,,87,3,,,90,2,,,,,,,95,2,92,2,,,,,,,95,2,,,,
2024,,,78,3,95,2,,,,,,,,,,,,,,,,,,,98,1,,,87,3,,,93,2,,,,,,,85,3,,,,,,,,,97,1,,,,
2024,,,85,3,98,1,,,,,,,,,,,,,,,,,,,95,2,,,95,2,,,74,4,,,,,,,87,3,,,,,,,,,95,2,,,,
2024,,,98,1,92,2,,,,,,,,,,,,,,,,,,,95,2,,,59,5,,,92,2,,,,,,,81,3,,,,,,,,,89,2,,,,
2024,,,98,1,92,2,,,,,,,,,,,,,,,,,,,98,1,,,95,2,,,95,2,,,,,,,81,3,,,,,,,,,95,2,,,,
2024,,,98,1,97,1,,,,,,,,,,,,,,,,,,,97,1,,,95,2,,,87,3,,,,,,,66,4,,,,,,,,,92,2,,,,
2024,,,95,2,92,2,,,,,,,,,,,,,,,,,,,98,1,,,92,2,,,98,1,,,,,,,87,3,,,,,,,,,90,2,,,,
2024,,,95,2,97,1,,,,,,,,,,,,,,,,,,,98,1,,,90,2,,,87,3,,,,,,,87,3,,,,,,,,,92,2,,,,
2024,,,90,2,87,3,,,,,,,,,,,,,,,,,,,97,1,,,85,3,,,90,2,,,,,,,81,3,,,,,,,,,90,2,,,,
2024,,,89,2,92,2,,,,,,,,,,,,,,,,,,,,,,,87,3,,,87,3,,,,,,,87,3,,,,,,,,,81,3,,,,
2024,,,93,2,95,2,,,,,,,,,,,,,,,,,,,,,,,95,2,,,98,1,,,,,,,87,3,,,,,,,,,87,3,,,,
2024,,,92,2,95,2,,,,,,,,,,,,,,,,,,,,,,,95,2,,,87,3,,,,,,,81,3,,,,,,,,,99,1,,,,
2024,,,98,1,97,1,,,,,,,,,,,,,,,,,,,,,,,81,3,,,,,,,,,,,68,4,,,,,,,,,95,2,,,,
2024,,,95,2,97,1,,,,,,,,,,,,,,,,,,,,,,,81,3,,,,,,,,,,,78,3,,,,,,,,,95,2,,,,
2024,,,87,3,93,2,,,,,,,,,,,,,,,,,,,,,,,76,4,,,,,,,,,,,66,4,,,,,,,,,97,1,,,,
2024,,,95,2,87,3,,,,,,,,,,,,,,,,,,,,,,,95,2,,,,,,,,,,,11,7,,,,,,,,,92,2,,,,
2024,,,97,1,92,2,,,,,,,,,,,,,,,,,,,,,,,68,4,,,,,,,,,,,90,2,,,,,,,,,87,3,,,,
2024,,,90,2,99,1,,,,,,,,,,,,,,,,,,,,,,,83,3,,,,,,,,,,,81,3,,,,,,,,,74,4,,,,
2024,,,95,2,92,2,,,,,,,,,,,,,,,,,,,,,,,74,4,,,,,,,,,,,,#N/A,,,,,,,,,98,1,,,,
2024,,,,,90,2,,,,,,,,,,,,,,,,,,,,,,,92,2,,,,,,,,,,,92,2,,,,,,,,,99,1,,,,
2024,,,,,97,1,,,,,,,,,,,,,,,,,,,,,,,85,3,,,,,,,,,,,87,3,,,,,,,,,78,3,,,,
2024,,,,,99,1,,,,,,,,,,,,,,,,,,,,,,,93,2,,,,,,,,,,,90,2,,,,,,,,,66,4,,,,
2024,,,,,97,1,,,,,,,,,,,,,,,,,,,,,,,98,1,,,,,,,,,,,81,3,,,,,,,,,98,1,,,,
2024,,,,,89,2,,,,,,,,,,,,,,,,,,,,,,,74,4,,,,,,,,,,,81,3,,,,,,,,,99,1,,,,
2024,,,,,93,2,,,,,,,,,,,,,,,,,,,,,,,85,3,,,,,,,,,,,92,2,,,,,,,,,81,3,,,,
2024,,,,,95,2,,,,,,,,,,,,,,,,,,,,,,,81,3,,,,,,,,,,,92,2,,,,,,,,,93,2,,,,
2024,,,,,99,1,,,,,,,,,,,,,,,,,,,,,,,92,2,,,,,,,,,,,,#N/A,,,,,,,,,90,2,,,,
2024,,,,,95,2,,,,,,,,,,,,,,,,,,,,,,,95,2,,,,,,,,,,,81,3,,,,,,,,,92,2,,,,
2024,,,,,97,1,,,,,,,,,,,,,,,,,,,,,,,81,3,,,,,,,,,,,97,1,,,,,,,,,95,2,,,,
2024,,,,,81,3,,,,,,,,,,,,,,,,,,,,,,,92,2,,,,,,,,,,,81,3,,,,,,,,,81,3,,,,
2024,,,,,89,2,,,,,,,,,,,,,,,,,,,,,,,85,3,,,,,,,,,,,87,3,,,,,,,,,87,3,,,,
2024,,,,,97,1,,,,,,,,,,,,,,,,,,,,,,,76,4,,,,,,,,,,,,#N/A,,,,,,,,,83,3,,,,
2024,,,,,92,2,,,,,,,,,,,,,,,,,,,,,,,63,4,,,,,,,,,,,81,3,,,,,,,,,82,3,,,,
2024,,,,,95,2,,,,,,,,,,,,,,,,,,,,,,,81,3,,,,,,,,,,,92,2,,,,,,,,,81,3,,,,
2024,,,,,97,3,,,,,,,,,,,,,,,,,,,,,,,85,3,,,,,,,,,,,76,4,,,,,,,,,87,3,,,,
2024,,,,,95,2,,,,,,,,,,,,,,,,,,,,,,,81,3,,,,,,,,,,,,,,,,,,,,,87,3,,,,
2024,,,,,97,1,,,,,,,,,,,,,,,,,,,,,,,,,,,,,,,,,,,,,,,,,,,,,,,,,,
2024,,,,,74,4,,,,,,,,,,,,,,,,,,,,,,,,,,,,,,,,,,,,,,,,,,,,,,,,,,
2023,70,4,94,2,94,2,,,82,3,82,3,80,3,82,3,68,4,98,1,91,2,95,2,99,1,88,3,89,2,94,2,82,3,73,4,,,98,1,89,2,97,1,87,3,95,2,89,2,99,1,,,,
2023,77,3,89,2,93,2,,,74,4,68,4,65,4,97,1,73,4,100,1,84,3,95,2,99,1,77,3,94,2,95,2,91,2,87,3,,,91,2,88,3,97,1,89,2,93,2,89,2,94,2,,,,
2023,75,4,94,2,89,2,,,97,1,87,3,77,3,85,3,88,3,95,2,93,2,97,1,92,1,62,4,89,2,74,4,80,3,99,1,,,91,2,85,3,93,2,87,3,89,2,75,4,87,3,,,,
2023,91,2,95,2,93,2,,,93,2,89,2,68,4,97,1,85,3,93,2,62,4,89,2,99,1,93,2,82,3,85,3,99,1,98,1,,,99,1,85,3,95,2,95,2,98,1,93,2,91,2,,,,
2023,35,6,93,2,57,5,,,95,2,82,3,89,2,96,1,84,3,96,1,91,2,89,2,96,1,69,4,80,3,87,3,82,3,80,3,,,94,2,85,3,99,1,79,3,99,1,97,1,88,3,,,,
2023,91,2,87,3,77,3,,,77,3,82,3,65,4,93,2,98,1,99,1,85,3,87,3,96,1,77,3,95,2,91,2,68,4,85,3,,,93,2,94,2,94,2,87,3,89,2,91,2,77,3,,,,
2023,84,3,84,3,97,1,,,80,3,73,4,98,1,88,3,85,3,96,1,85,3,93,2,89,2,82,3,96,1,93,2,85,3,87,3,,,95,2,99,1,91,2,97,1,95,2,68,4,89,2,,,,
2023,56,5,93,2,85,3,,,80,3,91,2,80,3,91,2,82,3,99,1,94,2,91,2,98,1,85,3,77,3,89,2,94,2,73,4,,,89,2,98,1,99,1,95,2,98,1,70,4,84,3,,,,
2023,6,8,94,2,95,2,,,98,1,99,1,35,6,94,2,85,3,97,1,87,3,87,3,93,2,87,3,93,2,87,3,87,3,75,4,,,93,2,85,3,97,1,75,4,91,2,79,3,98,2,,,,
2023,82,3,89,2,91,2,,,93,2,98,1,82,3,91,2,80,3,96,1,84,3,97,1,98,1,93,2,91,2,87,3,77,3,94,2,,,93,2,91,2,95,2,100,1,95,2,89,2,89,2,,,,
2023,82,3,93,2,85,3,,,73,4,93,2,80,3,77,3,77,3,93,2,97,1,99,1,94,2,79,3,85,3,98,1,93,2,88,3,,,94,2,80,3,93,2,75,4,96,1,89,2,93,2,,,,
2023,85,3,91,2,87,3,,,85,3,85,3,80,3,93,2,73,4,97,1,89,2,94,2,97,1,59,5,87,3,91,2,85,3,85,3,,,93,2,93,2,98,1,98,1,94,2,89,2,82,3,,,,
2023,73,4,94,2,93,2,,,73,4,87,3,89,2,85,3,80,3,95,2,87,3,98,1,89,2,70,4,95,2,68,4,85,3,100,1,,,85,3,95,2,93,2,80,3,25,3,77,3,89,2,,,,
2023,47,5,22,3,93,2,,,85,3,80,3,70,4,95,2,73,4,100,1,82,3,98,1,93,2,91,2,82,3,88,3,87,3,91,2,,,89,2,84,3,96,1,80,3,100,1,82,3,97,1,,,,
2023,80,3,94,2,93,2,,,85,3,82,3,85,3,85,3,70,4,93,2,89,2,91,2,95,2,98,1,80,3,80,3,68,4,93,2,,,93,2,99,1,97,1,66,4,98,1,85,3,93,2,,,,
2023,65,4,96,1,93,2,,,75,4,70,4,62,4,85,3,87,3,98,1,93,2,95,2,97,1,68,4,75,4,94,2,87,3,93,2,,,89,2,95,2,99,1,85,3,100,1,85,3,80,3,,,,
2023,89,2,99,1,98,1,,,66,4,85,3,68,4,98,1,91,2,96,1,82,3,93,2,98,1,95,2,77,3,85,3,87,3,68,4,,,91,2,87,3,93,2,87,3,95,2,85,3,89,2,,,,
2023,89,2,93,2,89,2,,,73,4,93,2,80,3,94,2,68,4,93,2,73,4,94,2,98,1,82,3,82,3,89,2,91,2,93,2,,,91,2,82,3,97,1,99,1,99,1,85,3,96,1,,,,
2023,31,6,93,2,93,2,,,96,1,89,2,88,3,93,2,89,2,91,2,93,2,93,2,98,1,91,2,80,3,94,2,87,3,94,2,,,89,2,80,3,95,2,85,3,99,1,80,3,95,2,,,,
2023,91,2,80,3,91,2,,,95,2,93,2,77,3,89,2,93,2,,,87,3,95,2,99,1,93,2,73,4,87,3,91,2,79,3,,,97,1,82,3,99,1,91,2,87,3,95,2,97,1,,,,
2023,97,1,93,2,95,2,,,94,2,91,2,75,4,91,2,95,2,,,87,3,91,2,94,2,87,3,84,3,97,1,91,2,89,2,,,85,3,89,2,96,1,89,2,91,2,82,3,85,3,,,,
2023,91,2,96,1,89,2,,,75,4,94,2,,,93,2,64,4,,,82,3,93,2,93,2,77,3,70,4,93,2,91,2,96,1,,,68,4,82,3,99,1,89,2,91,2,73,4,98,1,,,,
2023,68,4,89,2,89,2,,,27,3,82,3,,,87,3,84,3,,,70,4,87,3,98,1,80,3,96,1,95,2,87,3,91,2,,,94,2,89,2,99,1,73,4,97,1,69,4,99,2,,,,
2023,93,2,98,1,93,2,,,93,2,89,2,,,89,2,77,3,,,82,3,95,2,93,2,80,3,85,3,91,2,94,2,89,2,,,94,2,96,1,73,4,79,3,94,2,91,2,85,3,,,,
2023,75,4,98,1,85,3,,,85,3,93,2,,,91,2,97,1,,,91,2,95,2,99,1,87,3,91,2,84,3,68,4,66,4,,,98,1,93,2,93,2,70,4,98,1,74,4,93,2,,,,
2023,44,5,99,1,93,2,,,91,2,82,3,,,82,3,80,3,,,62,4,96,1,98,1,87,3,73,4,95,2,96,1,100,1,,,95,2,4,8,87,3,77,3,98,1,87,3,93,2,,,,
2023,21,7,89,2,98,1,,,85,3,87,3,,,80,3,89,2,,,91,2,99,1,95,2,77,3,89,2,77,3,88,3,93,2,,,99,1,85,3,97,1,,,95,2,87,3,98,1,,,,
2023,95,2,98,1,91,2,,,73,4,91,2,,,77,3,,,,,85,3,89,2,99,1,94,2,68,4,68,4,75,4,87,3,,,85,3,91,2,95,2,,,99,1,82,3,89,2,,,,
2023,97,1,93,2,91,2,,,85,3,73,4,,,95,2,,,,,95,2,95,2,99,1,91,2,91,2,89,2,95,2,99,1,,,95,2,82,3,96,1,,,97,1,82,3,82,3,,,,
2023,85,3,94,2,80,3,,,84,3,85,3,,,85,3,,,,,84,3,96,1,98,1,93,2,85,3,73,4,98,1,89,2,,,93,2,96,1,87,3,,,100,1,84,3,93,2,,,,
2023,80,3,88,3,89,2,,,85,3,89,2,,,27,3,,,,,95,2,100,1,100,1,97,1,93,2,87,3,94,2,97,1,,,89,2,68,4,93,2,,,98,1,82,3,87,3,,,,
2023,55,5,97,1,89,2,,,84,3,89,2,,,79,3,,,,,96,1,97,1,96,1,87,3,91,2,99,1,87,3,68,4,,,87,3,87,3,93,2,,,95,2,89,2,89,2,,,,
2023,82,3,98,1,97,1,,,89,2,80,3,,,96,1,,,,,87,3,96,1,95,2,80,3,88,3,97,1,91,2,95,2,,,94,2,94,2,99,1,,,93,2,85,3,73,4,,,,
2023,79,3,73,4,89,2,,,89,2,95,2,,,80,3,,,,,79,3,91,2,98,1,80,3,80,3,94,2,89,2,75,4,,,95,2,87,3,98,1,,,100,1,82,3,95,2,,,,
2023,88,3,97,1,93,2,,,91,2,89,2,,,95,2,,,,,97,1,98,1,79,3,80,3,82,3,77,3,89,2,,,,,98,1,99,1,99,1,,,95,2,87,3,70,4,,,,
2023,35,6,91,2,87,3,,,89,2,73,4,,,93,2,,,,,87,3,97,1,94,2,77,3,82,3,88,3,75,4,,,,,94,2,98,1,93,2,,,96,1,87,3,87,3,,,,
2023,96,1,99,1,85,3,,,70,4,73,4,,,97,1,,,,,91,2,,,88,3,87,3,82,3,91,2,95,2,,,,,87,3,84,3,93,2,,,96,1,82,3,68,4,,,,
2023,89,2,96,1,94,2,,,91,2,75,4,,,99,1,,,,,95,2,,,97,1,70,4,82,3,,,97,1,,,,,80,3,75,4,95,2,,,95,2,74,4,89,2,,,,
2023,89,2,95,2,95,2,,,87,3,94,2,,,94,2,,,,,88,3,,,99,1,82,3,64,4,,,62,4,,,,,93,2,98,1,97,1,,,94,2,87,3,96,1,,,,
2023,89,2,93,2,85,3,,,93,2,85,3,,,95,2,,,,,70,4,,,98,1,83,3,93,2,,,94,2,,,,,99,1,87,3,93,2,,,88,3,74,4,89,2,,,,
2023,85,3,87,3,88,3,,,89,2,82,3,,,97,1,,,,,95,2,,,95,2,99,1,93,2,,,91,2,,,,,98,1,89,2,100,1,,,99,1,93,2,97,1,,,,
2023,73,4,91,2,82,3,,,68,4,85,3,,,95,2,,,,,91,2,,,97,1,85,3,91,2,,,99,1,,,,,89,2,89,2,96,1,,,99,1,98,1,77,3,,,,
2023,,,95,2,100,1,,,87,3,89,2,,,25,3,,,,,87,3,,,100,1,93,2,93,2,,,91,2,,,,,89,2,100,1,95,2,,,97,1,85,3,89,2,,,,
2023,,,91,2,89,2,,,89,2,84,3,,,91,2,,,,,95,2,,,100,1,,,94,2,,,85,3,,,,,91,2,89,2,99,1,,,99,1,89,2,85,3,,,,
2023,,,89,2,96,1,,,42,5,95,2,,,94,2,,,,,91,2,,,98,1,,,89,2,,,93,2,,,,,93,2,96,1,97,1,,,97,1,80,3,89,2,,,,
2023,,,99,1,77,3,,,93,2,73,4,,,97,3,,,,,95,2,,,99,1,,,80,3,,,85,3,,,,,93,2,89,2,93,2,,,96,1,91,2,87,3,,,,
2023,,,98,1,95,2,,,85,3,94,2,,,85,3,,,,,89,2,,,96,1,,,77,3,,,91,2,,,,,85,3,80,3,99,1,,,91,2,89,2,93,2,,,,
2023,,,89,2,94,2,,,94,2,89,2,,,93,2,,,,,84,3,,,91,2,,,93,2,,,91,2,,,,,99,2,95,2,98,1,,,96,2,82,3,80,3,,,,
2023,,,70,4,99,1,,,68,4,64,4,,,77,3,,,,,82,3,,,96,1,,,91,2,,,89,2,,,,,93,2,91,2,98,1,,,99,1,97,1,97,1,,,,
2023,,,99,1,99,1,,,89,2,79,3,,,97,1,,,,,96,1,,,94,2,,,91,2,,,82,3,,,,,,,73,4,88,3,,,94.24489796,1.530612245,99,2,80,3,,,,
2023,,,94,2,98,1,,,73,4,95,2,,,95,2,,,,,98,1,,,99,1,,,91,2,,,79,3,,,,,,,80,3,93,2,,,,,93,2,,,,,,
2023,,,89,2,80,3,,,68,4,79,3,,,97,1,,,,,95,2,,,94,2,,,,,,,98,1,,,,,,,75,4,98,1,,,,,65,4,,,,,,
2023,,,95,2,93,2,,,85,3,82,3,,,89,2,,,,,93,2,,,95,2,,,,,,,87,3,,,,,,,85,3,96,1,,,,,97,1,,,,,,
2023,,,93,2,93,2,,,85,3,62,4,,,89,2,,,,,87,3,,,96,1,,,,,,,89,2,,,,,,,80,3,99,1,,,,,59,5,,,,,,
2023,,,95,2,98,1,,,95,2,91,2,,,89,2,,,,,97,3,,,94,2,,,,,,,91,2,,,,,,,94,2,93,2,,,,,69,4,,,,,,
2023,,,94,2,95,2,,,,,89,2,,,89,2,,,,,97,1,,,96,1,,,,,,,88,3,,,,,,,93,2,84,3,,,,,80,3,,,,,,
2023,,,95,2,93,2,,,,,94,2,,,85,3,,,,,62,4,,,87,3,,,,,,,87,3,,,,,,,99,1,97,1,,,,,73,4,,,,,,
2023,,,95,2,99,1,,,,,,,,,93,2,,,,,77,3,,,93,2,,,,,,,94,2,,,,,,,94,2,93,2,,,,,77,3,,,,,,
2023,,,88,3,97,1,,,,,,,,,,,,,,,93,2,,,100,1,,,,,,,85,3,,,,,,,93,2,98,1,,,,,97,1,,,,,,
2023,,,95,2,95,2,,,,,,,,,,,,,,,73,4,,,96,1,,,,,,,89,2,,,,,,,99,1,97,1,,,,,91,2,,,,,,
2023,,,97,1,96,1,,,,,,,,,,,,,,,84,3,,,100,1,,,,,,,89,2,,,,,,,88,3,99,1,,,,,85,3,,,,,,
2023,,,95,2,87,3,,,,,,,,,,,,,,,77,3,,,85,3,,,,,,,88,3,,,,,,,80,3,87,3,,,,,77,3,,,,,,
2023,,,89,2,93,2,,,,,,,,,,,,,,,82,3,,,98,1,,,,,,,93,2,,,,,,,95,2,96,1,,,,,89,2,,,,,,
2023,,,91,2,91,2,,,,,,,,,,,,,,,89,2,,,100,1,,,,,,,85,3,,,,,,,89,2,99,1,,,,,80,3,,,,,,
2023,,,100,1,91,2,,,,,,,,,,,,,,,91,2,,,97,1,,,,,,,91,2,,,,,,,89,2,97,1,,,,,98,1,,,,,,
2023,,,93,2,93,2,,,,,,,,,,,,,,,84,3,,,,,,,,,,,,,,,,,,,98,1,93,2,,,,,82,3,,,,,,
2023,,,95,2,96,1,,,,,,,,,,,,,,,88,3,,,,,,,,,,,,,,,,,,,99,1,94,2,,,,,68,4,,,,,,
2023,,,87,3,88,3,,,,,,,,,,,,,,,95,2,,,,,,,,,,,,,,,,,,,88,3,97,1,,,,,89,2,,,,,,
2023,,,99,1,91,2,,,,,,,,,,,,,,,89,2,,,,,,,,,,,,,,,,,,,64,4,99,1,,,,,89,2,,,,,,
2023,,,99,1,89,2,,,,,,,,,,,,,,,89,2,,,,,,,,,,,,,,,,,,,94,2,,,,,,,83.95652174,2.739130435,,,,,,
2023,,,93,2,77,3,,,,,,,,,,,,,,,80,3,,,,,,,,,,,,,,,,,,,,,,,,,,,,,,,,,,
2023,,,96,1,89,2,,,,,,,,,,,,,,,99,1,,,,,,,,,,,,,,,,,,,,,,,,,,,,,,,,,,
2023,,,96,1,91,2,,,,,,,,,,,,,,,60,4,,,,,,,,,,,,,,,,,,,,,,,,,,,,,,,,,,
2023,,,87,3,99,1,,,,,,,,,,,,,,,87,3,,,,,,,,,,,,,,,,,,,,,,,,,,,,,,,,,,
2023,,,99,1,95,2,,,,,,,,,,,,,,,80,3,,,,,,,,,,,,,,,,,,,,,,,,,,,,,,,,,,
2023,,,94,2,89,2,,,,,,,,,,,,,,,85,3,,,,,,,,,,,,,,,,,,,,,,,,,,,,,,,,,,
2023,,,94,2,96,1,,,,,,,,,,,,,,,,,,,,,,,,,,,,,,,,,,,,,,,,,,,,,,,,,,
2023,,,95,2,68,4,,,,,,,,,,,,,,,,,,,,,,,,,,,,,,,,,,,,,,,,,,,,,,,,,,
2023,,,89,2,91,2,,,,,,,,,,,,,,,,,,,,,,,,,,,,,,,,,,,,,,,,,,,,,,,,,,
2023,,,91,2,97,1,,,,,,,,,,,,,,,,,,,,,,,,,,,,,,,,,,,,,,,,,,,,,,,,,,
2023,,,91,2,90,4,,,,,,,,,,,,,,,,,,,,,,,,,,,,,,,,,,,,,,,,,,,,,,,,,,
2023,,,99,1,89,2,,,,,,,,,,,,,,,,,,,,,,,,,,,,,,,,,,,,,,,,,,,,,,,,,,
2023,,,89,2,96,1,,,,,,,,,,,,,,,,,,,,,,,,,,,,,,,,,,,,,,,,,,,,,,,,,,
2023,,,98,1,80,3,,,,,,,,,,,,,,,,,,,,,,,,,,,,,,,,,,,,,,,,,,,,,,,,,,
2023,,,77,3,97,1,,,,,,,,,,,,,,,,,,,,,,,,,,,,,,,,,,,,,,,,,,,,,,,,,,
2023,,,77,3,97,1,,,,,,,,,,,,,,,,,,,,,,,,,,,,,,,,,,,,,,,,,,,,,,,,,,
2023,,,100,1,,,,,,,,,,,,,,,,,,,,,,,,,,,,,,,,,,,,,,,,,,,,,,,,,,,,
2023,,,95,2,,,,,,,,,,,,,,,,,,,,,,,,,,,,,,,,,,,,,,,,,,,,,,,,,,,,
2023,,,94,2,,,,,,,,,,,,,,,,,,,,,,,,,,,,,,,,,,,,,,,,,,,,,,,,,,,,
2023,,,94,2,,,,,,,,,,,,,,,,,,,,,,,,,,,,,,,,,,,,,,,,,,,,,,,,,,,,
2023,,,97,1,,,,,,,,,,,,,,,,,,,,,,,,,,,,,,,,,,,,,,,,,,,,,,,,,,,,
2023,,,94,2,,,,,,,,,,,,,,,,,,,,,,,,,,,,,,,,,,,,,,,,,,,,,,,,,,,,
2023,,,95,2,,,,,,,,,,,,,,,,,,,,,,,,,,,,,,,,,,,,,,,,,,,,,,,,,,,,
2023,,,88,3,,,,,,,,,,,,,,,,,,,,,,,,,,,,,,,,,,,,,,,,,,,,,,,,,,,,
2023,,,85,3,,,,,,,,,,,,,,,,,,,,,,,,,,,,,,,,,,,,,,,,,,,,,,,,,,,,
2023,,,91,2,,,,,,,,,,,,,,,,,,,,,,,,,,,,,,,,,,,,,,,,,,,,,,,,,,,,
2023,,,91,2,,,,,,,,,,,,,,,,,,,,,,,,,,,,,,,,,,,,,,,,,,,,,,,,,,,,
2023,,,70,4,,,,,,,,,,,,,,,,,,,,,,,,,,,,,,,,,,,,,,,,,,,,,,,,,,,,
2023,,,93,2,,,,,,,,,,,,,,,,,,,,,,,,,,,,,,,,,,,,,,,,,,,,,,,,,,,,
2023,,,77,3,,,,,,,,,,,,,,,,,,,,,,,,,,,,,,,,,,,,,,,,,,,,,,,,,,,,
2023,,,99,1,,,,,,,,,,,,,,,,,,,,,,,,,,,,,,,,,,,,,,,,,,,,,,,,,,,,
2023,,,93,2,,,,,,,,,,,,,,,,,,,,,,,,,,,,,,,,,,,,,,,,,,,,,,,,,,,,
2023,,,93,2,,,,,,,,,,,,,,,,,,,,,,,,,,,,,,,,,,,,,,,,,,,,,,,,,,,,
2023,,,91,2,,,,,,,,,,,,,,,,,,,,,,,,,,,,,,,,,,,,,,,,,,,,,,,,,,,,
2023,,,93,2,,,,,,,,,,,,,,,,,,,,,,,,,,,,,,,,,,,,,,,,,,,,,,,,,,,,
2023,,,89,2,,,,,,,,,,,,,,,,,,,,,,,,,,,,,,,,,,,,,,,,,,,,,,,,,,,,
2023,,,95,2,,,,,,,,,,,,,,,,,,,,,,,,,,,,,,,,,,,,,,,,,,,,,,,,,,,,
2023,,,91,2,,,,,,,,,,,,,,,,,,,,,,,,,,,,,,,,,,,,,,,,,,,,,,,,,,,,
2023,,,99,1,,,,,,,,,,,,,,,,,,,,,,,,,,,,,,,,,,,,,,,,,,,,,,,,,,,,
2023,,,95,2,,,,,,,,,,,,,,,,,,,,,,,,,,,,,,,,,,,,,,,,,,,,,,,,,,,,
2023,,,89,2,,,,,,,,,,,,,,,,,,,,,,,,,,,,,,,,,,,,,,,,,,,,,,,,,,,,
2023,,,77,3,,,,,,,,,,,,,,,,,,,,,,,,,,,,,,,,,,,,,,,,,,,,,,,,,,,,
2023,,,96,1,,,,,,,,,,,,,,,,,,,,,,,,,,,,,,,,,,,,,,,,,,,,,,,,,,,,
2023,,,97,1,,,,,,,,,,,,,,,,,,,,,,,,,,,,,,,,,,,,,,,,,,,,,,,,,,,,
2023,,,91,2,,,,,,,,,,,,,,,,,,,,,,,,,,,,,,,,,,,,,,,,,,,,,,,,,,,,
2023,,,94,2,,,,,,,,,,,,,,,,,,,,,,,,,,,,,,,,,,,,,,,,,,,,,,,,,,,,
2023,,,93,2,,,,,,,,,,,,,,,,,,,,,,,,,,,,,,,,,,,,,,,,,,,,,,,,,,,,
2025,60,1,99,1,97,1,96,1,84,1,69,1,67,1,94,1,76,1,88,1,81,1,97,1,97,1,67,1,84,1,94,1,94,1,99,1,97,1,94,1,72,1,99,1,37,1,92,1,100,1,91,1,,,,
2025,46,1,97,1,94,1,96,1,74,1,81,1,88,1,74,1,65,1,,,97,1,99,1,,,81,1,99,1,96,1,65,1,74,1,99,1,74,1,88,1,94,1,94,1,99,1,94,1,94,1,,,,
2025,32,1,99,1,97,1,96,1,79,1,88,1,54,1,81,1,50,1,,,94,1,,,,,76,1,94,1,,,74,1,74,1,91,1,96,1,94,1,94,1,,,81,1,94,1,96,1,,,,
2025,37,1,92,1,81,1,98,1,74,1,88,1,88,1,94,1,76,1,,,74,1,,,,,,,88,1,,,91,1,69,1,97,1,,,96,1,96,1,,,99,1,86,1,99,1,,,,
2025,31,1,88,1,94,1,97,1,92,1,65,1,,,96,1,69,1,,,84,1,,,,,,,88,1,,,99,1,81,1,88,1,,,94,1,99,1,,,88,1,88,1,74,1,,,,
2025,69,1,94,1,88,1,91,1,72,1,69,1,,,81,1,,,,,88,1,,,,,,,94,1,,,88,1,97,1,94,1,,,94,1,,,,,76,1,63,1,97,1,,,,
2025,40,1,96,1,100,1,,,79,1,65,1,,,94,1,,,,,94,1,,,,,,,94,1,,,81,1,94,1,,,,,84,1,,,,,99,1,88,1,84,1,,,,
2025,88,1,100,1,94,1,,,88,1,97,1,,,69,1,,,,,65,1,,,,,,,74,1,,,,,97,1,,,,,81,1,,,,,,,88,1,100,1,,,,
2025,60,1,97,1,97,1,,,88,1,86,1,,,,,,,,,84,1,,,,,,,81,1,,,,,76,1,,,,,94,1,,,,,,,88,1,99,1,,,,
2025,88,1,96,1,97,1,,,74,1,88,1,,,,,,,,,94,1,,,,,,,81,1,,,,,97,1,,,,,88,1,,,,,,,81,1,97,1,,,,
2025,88,1,81,1,94,1,,,99,1,72,1,,,,,,,,,81,1,,,,,,,94,1,,,,,81,1,,,,,81,1,,,,,,,79,1,88,1,,,,
2025,84,1,94,1,88,1,,,81,1,81,1,,,,,,,,,81,1,,,,,,,94,1,,,,,88,1,,,,,97,1,,,,,,,76,1,94,1,,,,
2025,,,,,88,1,,,97,1,,,,,,,,,,,67,1,,,,,,,84,1,,,,,91,1,,,,,69,1,,,,,,,88,1,94,1,,,,
2025,,,,,88,1,,,,,,,,,,,,,,,94,1,,,,,,,99,1,,,,,91,1,,,,,91,1,,,,,,,81,1,97,1,,,,
2025,,,,,81,1,,,,,,,,,,,,,,,81,1,,,,,,,97,1,,,,,76,1,,,,,94,1,,,,,,,99,1,88,1,,,,
2025,,,,,88,1,,,,,,,,,,,,,,,94,1,,,,,,,91,1,,,,,99,1,,,,,88,1,,,,,,,91,1,81,1,,,,
2025,,,,,94,1,,,,,,,,,,,,,,,91,1,,,,,,,96,1,,,,,88,1,,,,,88,1,,,,,,,84,1,,,,,,
2025,,,,,99,1,,,,,,,,,,,,,,,69,1,,,,,,,91,1,,,,,97,1,,,,,99,1,,,,,,,69,1,,,,,,
2025,,,,,88,1,,,,,,,,,,,,,,,88,1,,,,,,,94,1,,,,,94,1,,,,,84,1,,,,,,,97,1,,,,,,
2025,,,,,,,,,,,,,,,,,,,,,97,1,,,,,,,94,1,,,,,67,1,,,,,86,1,,,,,,,81,1,,,,,,
2025,,,,,,,,,,,,,,,,,,,,,76,1,,,,,,,88,1,,,,,94,1,,,,,69,1,,,,,,,,,,,,,,
2025,,,,,,,,,,,,,,,,,,,,,86,1,,,,,,,88,1,,,,,84,1,,,,,84,1,,,,,,,,,,,,,,
2025,,,,,,,,,,,,,,,,,,,,,81,1,,,,,,,94,1,,,,,,,,,,,88,1,,,,,,,,,,,,,,
2025,,,,,,,,,,,,,,,,,,,,,94,1,,,,,,,88,1,,,,,,,,,,,88,1,,,,,,,,,,,,,,
2025,,,,,,,,,,,,,,,,,,,,,97,1,,,,,,,88,1,,,,,,,,,,,79,1,,,,,,,,,,,,,,
2025,,,,,,,,,,,,,,,,,,,,,79,1,,,,,,,88,1,,,,,,,,,,,81,1,,,,,,,,,,,,,,
2025,,,,,,,,,,,,,,,,,,,,,88,1,,,,,,,88,1,,,,,,,,,,,,,,,,,,,,,,,,,,
2025,,,,,,,,,,,,,,,,,,,,,69,1,,,,,,,88,1,,,,,,,,,,,,,,,,,,,,,,,,,,
2025,,,,,,,,,,,,,,,,,,,,,88,1,,,,,,,88,1,,,,,,,,,,,,,,,,,,,,,,,,,,
2025,,,,,,,,,,,,,,,,,,,,,88,1,,,,,,,88,1,,,,,,,,,,,,,,,,,,,,,,,,,,
2025,,,,,,,,,,,,,,,,,,,,,,,,,,,,,81,1,,,,,,,,,,,,,,,,,,,,,,,,,,
